[
  {
    "title": "Red Popsicle",
    "imageurl": "https://lh3.googleusercontent.com/3w0neXbSlI4p6mtkRdwL7SwRH4NKHmmdBm1n58tNvUnV0DwnxZ6MfIwzSz0c7MlE3NZku1TmQAQm-4Tly6geteQpONOniM_m",
    "price": "Ksh.50",
    "description": "Looks can be deceiving. This Red Popsicle comes in a wide variety of flavors, including strawberry, that burst as soon as it hits the mouth. Red Popsicles melt slow, so savor the flavor."
  },
  {
    "title": "Green Slip-ons",
    "imageurl": "https://lh3.googleusercontent.com/7O1nZyD9xwP0nel27kC49ZVfuUlMJrGdcI1j8PHBZxD2J8Gd-q1wQ5Rrn9sDQ_Q7Zi1-SNHDrBRaB5FD5zbtoEto1RpjBkXo",
    "price": "Ksh.350",
    "description": "Feetsy has been making extraordinary slip-ons for decades. Very Comfortable."
  },
  {
    "title": "Teapot",
    "imageurl": "https://lh3.googleusercontent.com/2L6RmCDcdBT_5160bg-rZaybSCGze6TCpEyTYko0Y6GWVp432qttKvXB19w4TgSnTz-Pxes12TPSzdRWT8Gq9dCJm2aF1zPj8g",
    "price": "Ksh.210",
    "description": "Impress your guests with Teapot by Kitchen Stuff. Teapot holds extremely hot liquids and pours them from the spout."
  },
  {
    "title": "Beachball",
    "imageurl": "https://lh3.googleusercontent.com/FDlLqxdGjraCR8J0QzcuCh7eRHvnXNyWwP9mOTMviY2IX4WglCbAobxBD8tfYvUk-gZeOwvv02IC5vhbgEAk7F7gV2XwLJpAaw",
    "price": "Ksh.250",
    "description": "Are you at a baseball game and feeling bored? At a pool party and looking for a laugh? Do you need something to take your anger out on?"
  },
  {
    "title": "Clock",
    "imageurl": "https://lh3.googleusercontent.com/RJIsp5e-fQ_oQBWR-OJfJgcvCmfFJ8ZCL5D5_4-P3U4h7Im-WDvVJYqTl_YsCWcKFn5xbLI_9flEzUr0CA1PwCYGqDQDLvKxDA",
    "price": "Ksh.300",
    "description": "Timekeeper Co makes clocks that tell time precisely. Clock is very simple to use, set the time using your phone, hang it, and viola! You’ll never be late again."
  },

  {
    "title": "Perfect Goldfish Bowl",
    "imageurl": "https://lh3.googleusercontent.com/pfgpUuVo_9zWqn2lI6gAlDK2ceLe_MEzgNtj-RaClJb0w41NvSrOg-xgwMcr5FrYTdC6wJHKDSdP7GiuSbNAdjTSHlOdfXR1",
    "price": "Ksh.300",
    "description": "The Perfect Bowl Co makes the best bowls for just about anything you can think of. This Perfect Goldfish Bowl holds water and fish perfectly."
  },

  {
    "title": "Backpack",
    "imageurl": "https://lh3.googleusercontent.com/KE89imsb_0hMmO2YMxnZ6cQYelrmI3jdpDo06svFeNj_OjHUw9dfHoBj4pN7qqm1khs9-_japkG5As6TWgOmJzTa8Cv_9GcGfg",
    "price": "Ksh.500",
    "description": "This backpack by Bags ‘n’ stuff can hold just about anything: a laptop, a pen, a protractor, notebooks, small animals, plugs for your devices!"
  },
  {
    "title": "Sunglasses",
    "imageurl": "https://lh3.googleusercontent.com/-0TR98kQUVgeSGyK24T0181IwtNgCWhxfMejw-fEXQF005lfuDERc-B6hxtSPBsPyFEJBxPv8H9FSNb7k3AgjRO2wm8YXeMa",
    "price": "Ksh.200",
    "description": "Be an optimist. Carry Sunglasses with you at all times. All Tints and Shades products come with polarized lenses and super duper UV protection"
  },
  {
    "title": "Red Lipstick Set",
    "imageurl": "https://lh3.googleusercontent.com/w7BggGOgZEVuI4_wsSO96PDi-y4kqtHVHqQknCMN7eyraQLIlh58QK5Y1Wc-eTAYDcmn7KmiJNvKsoFLAZBClSAYpI9vyuDRIw",
    "price": "Ksh.450",
    "description": "Trying to find the perfect shade to match your mood? Try no longer. Red Lipstick Set by StickLips has you covered for those nights"
  },
  {
    "title": "Dipped Brush",
    "imageurl": "https://lh3.googleusercontent.com/8dsHE4FwZ5VJOFj_EmhGt48r19ILh7rloMCBC5QPyP2Jrm7-Jz4wVZa1Q3cGFBBbi8OKJzb7nwUnBOqaPVwafMKOthbRtv6Z",
    "price": "Ksh.150",
    "description": "WeDipIt does it again. This handle dipped 4 inch brush is a perfect for painting 4 inch lines, or coloring in big areas with paint."
  },
  {
    "title": "Shoulder Bag",
    "imageurl": "https://m.media-amazon.com/images/I/81+jL+wVu5L._AC_UL320_ML3_.jpg",
    "price": "Ksh.750",
    "description": "Best for her personal staff."
  },
  {
    "title": "Hand Knit Woollen Socks",
    "imageurl": "https://m.media-amazon.com/images/I/81K6lLVknqL._AC_UL320_ML3_.jpg",
    "price": "Ksh.200",
    "description": "In cold weather, keep warm with this."
  },
  {
    "title": "Primrose Sandal",
    "imageurl": "https://m.media-amazon.com/images/I/810D7pM-lEL._AC_UL320_ML3_.jpg",
    "price": "Ksh.550",
    "description": "Feel the comfort"
  },
  {
    "title": "Sony Headphones",
    "imageurl": "https://images-na.ssl-images-amazon.com/images/I/51IdLe-%2B6kL._SL1500_.jpg",
    "price": "Ksh.1500",
    "description": "Impress her."
  },
  {
    "title": "Fashionable Sneakers",
    "imageurl": "https://ke.jumia.is/unsafe/fit-in/300x300/filters:fill(white)/product/41/984972/1.jpg?7136",
    "price": "Ksh.600",
    "description": "Get it for her"
  }
]
